canonical_event_id,event_id,occurred_at,received_at,actor_id,actor_role,event_type,asset_id,location_id,condition_report,source_system,note,raw_record_id
ce-0040,e043,2026-06-01T08:55,2026-06-01T08:55,s116,student,CHECKOUT,trip-001,studio-a,,makerspace_app,early event listed late,events.csv-43
ce-0001,e001,2026-06-01T09:05,2026-06-01T10:05,s101,student,CHECKOUT,cam-001,media-lab,,makerspace_app,film project,events.csv-1
ce-0002,e002,2026-06-01T09:07,2026-06-01T10:07,s102,student,CHECKOUT,cam-001,media-lab,,makerspace_app,duplicate camera request,events.csv-2
ce-0003,e003,2026-06-01T09:10,2026-06-01T11:10,s201,student,RETURN,cam-002,media-lab,good,makerspace_app,returned from overnight loan,events.csv-3
ce-0004,e004,2026-06-01T09:12,2026-06-01T12:12,staff1,student,MAINTENANCE_CLOSE,cam-003,media-lab,good,makerspace_app,maintenance completed,events.csv-4
ce-0005,e005,2026-06-01T09:13,2026-06-01T10:13,s103,student,CHECKOUT,cam-003,media-lab,,makerspace_app,borrow after restore,events.csv-5
ce-0006,e006,2026-06-01T09:15,2026-06-01T13:15,s202,student,RETURN,lap-002,equipment-store,damaged,makerspace_app,screen flickers,events.csv-6
ce-0007,e007,2026-06-01T09:20,2026-06-01T10:20,s104,student,CHECKOUT,lap-002,equipment-store,,makerspace_app,tries damaged laptop,events.csv-7
ce-0008,e008,2026-06-01T09:25,2026-06-01T10:25,staff2,student,MAINTENANCE_CLOSE,lap-002,equipment-store,worn,makerspace_app,repaired display cable,events.csv-8
ce-0009,e009,2026-06-01T09:30,2026-06-01T10:30,s104,student,CHECKOUT,lap-002,equipment-store,,makerspace_app,successful laptop checkout,events.csv-9
ce-0010,e010,2026-06-01T09:35,2026-06-01T12:35,s104,student,CHECKOUT,mic-001,studio-a,,makerspace_app,audio lab,events.csv-10
ce-0011,e011,2026-06-01T09:40,2026-08-01T09:40,s104,student,CHECKOUT,trip-001,studio-a,,makerspace_app,third item attempt,events.csv-11
ce-0012,e012,2026-06-01T09:45,2026-06-01T09:45,s203,student,RETURN,mic-002,studio-a,unusable,makerspace_app,dropped microphone,events.csv-12
ce-0013,e013,2026-06-01T09:50,2026-06-01T09:50,staff1,student,MAINTENANCE_CLOSE,mic-002,studio-a,good,makerspace_app,replaced capsule,events.csv-13
ce-0014,e014,2026-06-01T09:55,2026-06-01T09:55,s105,student,CHECKOUT,mic-002,studio-a,,makerspace_app,podcast team,events.csv-14
ce-0015,e015,2026-06-01T10:00,2026-06-02T10:00,s106,student,RETURN,tab-001,library-store,good,makerspace_app,return without checkout,events.csv-15
ce-0016,e016,2026-06-01T10:05,2026-06-01T10:05,staff2,student,MAINTENANCE_OPEN,tab-001,library-store,scratched,makerspace_app,screen inspection,events.csv-16
ce-0017,e017,2026-06-01T10:10,2026-06-01T10:10,s107,student,CHECKOUT,tab-001,library-store,,makerspace_app,student tries maintenance tablet,events.csv-17
ce-0018,e018,2026-06-01T10:15,2026-06-01T10:15,staff2,student,MAINTENANCE_CLOSE,tab-001,library-store,good,makerspace_app,inspection cleared,events.csv-18
ce-0019,e019,2026-06-01T10:20,2026-06-05T10:20,s107,student,CHECKOUT,tab-001,library-store,,makerspace_app,checkout after restore,events.csv-19
ce-0020,e020,2026-06-01T10:25,2026-06-01T10:25,staff3,student,RETURN,tab-001,library-store,scratched,makerspace_app,student left early,events.csv-20
ce-0021,e021,2026-06-01T10:30,2026-06-01T10:30,s108,student,CHECKOUT,light-001,media-lab,,makerspace_app,lighting kit request,events.csv-21
ce-0022,e022,2026-06-01T10:35,2026-06-01T10:35,s109,student,CHECKOUT,trip-002,studio-a,,makerspace_app,tripod checkout,events.csv-22
ce-0023,e023,2026-06-01T10:40,2026-06-01T10:40,s109,student,RETURN,trip-002,studio-a,new,makerspace_app,claims better than before,events.csv-23
ce-0024,e024,2026-06-01T10:45,2026-06-01T10:45,staff1,student,MAINTENANCE_OPEN,trip-002,studio-a,worn,makerspace_app,leg clamp check,events.csv-24
ce-0025,e025,2026-06-01T10:50,2026-06-01T10:50,staff1,student,MAINTENANCE_CLOSE,trip-002,studio-a,good,makerspace_app,clamp fixed,events.csv-25
ce-0026,e026,2026-06-01T10:55,2026-06-01T10:55,s110,student,CHECKOUT,trip-002,studio-a,,makerspace_app,checkout restored tripod,events.csv-26
ce-0027,e027,2026-06-01T11:00,2026-06-01T11:00,s101,student,RETURN,cam-001,media-lab,scratched,makerspace_app,lens cap missing,events.csv-27
ce-0028,e028,2026-06-01T11:05,2026-06-01T11:05,s111,student,CHECKOUT,cam-001,media-lab,,makerspace_app,new borrower,events.csv-28
ce-0029,e029,2026-06-01T11:10,2026-06-01T13:10,staff4,student,MAINTENANCE_OPEN,cam-001,media-lab,damaged,makerspace_app,staff tries while checked out,events.csv-29
ce-0030,e030,2026-06-01T11:15,2026-06-01T11:15,staff4,student,RETURN,cam-001,media-lab,damaged,makerspace_app,borrower unreachable,events.csv-30
ce-0031,e031,2026-06-01T11:20,2026-06-01T11:20,staff4,student,MAINTENANCE_CLOSE,cam-001,media-lab,worn,makerspace_app,cleaned lens,events.csv-31
ce-0032,e032,2026-06-01T11:25,2026-06-01T12:25,s112,student,CHECKOUT,cam-001,media-lab,,makerspace_app,final camera checkout,events.csv-32
ce-0033,e033,2026-06-01T11:30,2026-06-01T11:30,staff1,student,MAINTENANCE_CLOSE,tab-002,library-store,good,makerspace_app,tablet repaired,events.csv-33
ce-0034,e034,2026-06-01T11:35,2026-06-01T11:35,s113,student,CHECKOUT,tab-002,library-store,,makerspace_app,tablet checkout,events.csv-34
ce-0035,e038,2026-06-01T11:50,2026-06-01T11:50,s115,student,CHECKOUT,lap-001,equipment-store,,makerspace_app,laptop borrow,events.csv-38
ce-0036,e039,2026-06-01T11:55,2026-06-01T11:55,s115,student,CHECKOUT,lap-003,equipment-store,,makerspace_app,second laptop borrow,events.csv-39
ce-0037,e040,2026-06-01T12:00,2026-06-01T12:00,s115,student,CHECKOUT,mic-001,studio-a,,makerspace_app,limit reached attempt,events.csv-40
ce-0038,e041,2026-06-01T12:05,2026-06-01T12:05,staff5,student,RETURN,lap-003,equipment-store,worn,makerspace_app,returned at desk,events.csv-41
ce-0039,e042,2026-06-01T12:10,2026-06-01T12:10,s115,student,CHECKOUT,mic-001,studio-a,,makerspace_app,now below limit,events.csv-42
ce-0041,e044,2026-06-01T12:15,2026-06-04T12:15,s116,student,RETURN,trip-001,studio-a,worn,makerspace_app,return by early borrower,events.csv-44
ce-0042,e046,2026-06-01T12:20,2026-06-01T12:20,staff5,student,MAINTENANCE_CLOSE,lap-001,equipment-store,good,makerspace_app,restore non-maintenance item,events.csv-46
ce-0043,e048,2026-06-01T12:30,2026-06-01T12:30,s119,student,CHECKOUT,cam-002,media-lab,,makerspace_app,camera after return,events.csv-48
ce-0044,e049,2026-06-01T12:35,2026-06-01T12:35,s119,student,RETURN,cam-002,media-lab,damaged,makerspace_app,damaged on return,events.csv-49
ce-0045,e050,2026-06-01T12:40,2026-06-01T12:40,staff2,student,MAINTENANCE_CLOSE,cam-002,media-lab,good,makerspace_app,repaired camera,events.csv-50
ce-0046,e051,2026-06-07T08:00:00Z,2026-06-07T08:00:00Z,s301,student,CHECKOUT,cam-004,media-lab,,makerspace_app,,events.csv-51
ce-0047,e052,2026-06-07T09:00:00Z,2026-06-07T09:00:00Z,s301,student,RETURN,cam-004,media-lab,good,makerspace_app,,events.csv-52
ce-0048,e053,2026-06-07T10:00:00Z,2026-06-07T10:00:00Z,st301,staff,TRANSFER_OUT,cam-004,media-lab,,makerspace_app,,events.csv-53
ce-0049,e054,2026-06-07T11:00:00Z,2026-06-07T11:00:00Z,st301,staff,TRANSFER_IN,cam-004,studio-a,,makerspace_app,,events.csv-54
ce-0050,e055,2026-06-07T12:00:00Z,2026-06-07T12:00:00Z,au301,auditor,AUDIT_OBSERVATION,cam-004,,good,audit_system,,events.csv-55
ce-0051,e056,2026-06-07T13:00:00Z,2026-06-07T13:00:00Z,t301,technician,MAINTENANCE_OPEN,cam-004,repair-bench,damaged,repair_system,,events.csv-56
ce-0052,e057,2026-06-07T14:00:00Z,2026-06-07T14:00:00Z,t301,technician,MAINTENANCE_CLOSE,cam-004,repair-bench,good,repair_system,,events.csv-57
ce-0053,e058,2026-06-07T15:00:00Z,2026-06-07T15:00:00Z,au301,auditor,AUDIT_OBSERVATION,lap-004,,scratched,audit_system,,events.csv-58
ce-0054,e059,2026-06-07T16:00:00Z,2026-06-07T16:00:00Z,t301,technician,MAINTENANCE_CLOSE,lap-004,repair-bench,good,repair_system,,events.csv-59
ce-0055,e060,2026-06-07T17:00:00Z,2026-06-07T17:00:00Z,s302,student,CHECKOUT,lap-004,equipment-store,,makerspace_app,,events.csv-60
ce-0056,e061,2026-06-07T18:00:00Z,2026-06-07T18:00:00Z,s302,student,RETURN,lap-004,equipment-store,good,makerspace_app,,events.csv-61
ce-0057,e062,2026-06-07T19:00:00Z,2026-06-07T19:00:00Z,s303,student,CHECKOUT,lap-005,equipment-store,,makerspace_app,,events.csv-62
ce-0058,e063,2026-06-07T20:00:00Z,2026-06-07T20:00:00Z,s303,student,RETURN,lap-005,equipment-store,good,makerspace_app,,events.csv-63
ce-0059,e064,2026-06-07T21:00:00Z,2026-06-07T21:00:00Z,st301,staff,TRANSFER_OUT,lap-005,equipment-store,,makerspace_app,,events.csv-64
ce-0060,e065,2026-06-07T22:00:00Z,2026-06-07T22:00:00Z,st301,staff,TRANSFER_IN,lap-005,library-store,,makerspace_app,,events.csv-65
ce-0061,e066,2026-06-07T23:00:00Z,2026-06-07T23:00:00Z,s304,student,CHECKOUT,mic-003,studio-a,,makerspace_app,,events.csv-66
ce-0062,e067,2026-06-08T00:00:00Z,2026-06-08T00:00:00Z,s304,student,RETURN,mic-003,studio-a,worn,makerspace_app,,events.csv-67
ce-0063,e068,2026-06-08T01:00:00Z,2026-06-08T01:00:00Z,t301,technician,MAINTENANCE_OPEN,mic-003,repair-bench,damaged,repair_system,,events.csv-68
ce-0064,e069,2026-06-08T02:00:00Z,2026-06-08T02:00:00Z,t301,technician,MAINTENANCE_CLOSE,mic-003,repair-bench,good,repair_system,,events.csv-69
ce-0065,e070,2026-06-08T03:00:00Z,2026-06-08T03:00:00Z,st301,staff,TRANSFER_IN,mic-004,studio-a,,makerspace_app,,events.csv-70
ce-0066,e071,2026-06-08T04:00:00Z,2026-06-08T04:00:00Z,au301,auditor,AUDIT_OBSERVATION,mic-004,,good,audit_system,,events.csv-71
ce-0067,e072,2026-06-08T05:00:00Z,2026-06-08T05:00:00Z,t301,technician,MAINTENANCE_OPEN,mic-004,repair-bench,damaged,repair_system,,events.csv-72
ce-0068,e073,2026-06-08T06:00:00Z,2026-06-08T06:00:00Z,t301,technician,MAINTENANCE_CLOSE,mic-004,repair-bench,good,repair_system,,events.csv-73
ce-0069,e074,2026-06-08T07:00:00Z,2026-06-08T07:00:00Z,s305,student,CHECKOUT,trip-003,studio-a,,makerspace_app,,events.csv-74
ce-0070,e075,2026-06-08T08:00:00Z,2026-06-08T08:00:00Z,s305,student,RETURN,trip-003,studio-a,good,makerspace_app,,events.csv-75
ce-0071,e076,2026-06-08T09:00:00Z,2026-06-08T09:00:00Z,st301,staff,TRANSFER_IN,trip-004,studio-a,,makerspace_app,,events.csv-76
ce-0072,e077,2026-06-08T10:00:00Z,2026-06-08T10:00:00Z,s306,student,CHECKOUT,trip-004,studio-a,,makerspace_app,,events.csv-77
ce-0073,e078,2026-06-08T11:00:00Z,2026-06-08T11:00:00Z,s306,student,RETURN,trip-004,studio-a,good,makerspace_app,,events.csv-78
ce-0074,e079,2026-06-08T12:00:00Z,2026-06-08T12:00:00Z,s205,student,RETURN,tab-003,library-store,good,makerspace_app,,events.csv-79
ce-0075,e080,2026-06-08T13:00:00Z,2026-06-08T13:00:00Z,st301,staff,TRANSFER_OUT,tab-003,library-store,,makerspace_app,,events.csv-80
ce-0076,e081,2026-06-08T14:00:00Z,2026-06-08T14:00:00Z,st301,staff,TRANSFER_IN,tab-003,media-lab,,makerspace_app,,events.csv-81
ce-0077,e082,2026-06-08T15:00:00Z,2026-06-08T15:00:00Z,t301,technician,MAINTENANCE_CLOSE,tab-004,repair-bench,good,repair_system,,events.csv-82
ce-0078,e083,2026-06-08T16:00:00Z,2026-06-08T16:00:00Z,s307,student,CHECKOUT,tab-004,library-store,,makerspace_app,,events.csv-83
ce-0079,e084,2026-06-08T17:00:00Z,2026-06-08T17:00:00Z,s307,student,RETURN,tab-004,library-store,good,makerspace_app,,events.csv-84
ce-0080,e085,2026-06-08T18:00:00Z,2026-06-08T18:00:00Z,t301,technician,MAINTENANCE_CLOSE,light-003,repair-bench,good,repair_system,,events.csv-85
ce-0081,e086,2026-06-08T19:00:00Z,2026-06-08T19:00:00Z,s308,student,CHECKOUT,light-003,media-lab,,makerspace_app,,events.csv-86
ce-0082,e087,2026-06-08T20:00:00Z,2026-06-08T20:00:00Z,s308,student,RETURN,light-003,media-lab,good,makerspace_app,,events.csv-87
ce-0083,e088,2026-06-08T21:00:00Z,2026-06-08T21:00:00Z,a001,admin,RETIRE,light-004,media-lab,unusable,inventory_portal,,events.csv-88
ce-0084,e089,2026-06-08T22:00:00Z,2026-06-08T22:00:00Z,s309,student,CHECKOUT,light-004,media-lab,,makerspace_app,Intentional illegal checkout after retirement,events.csv-89
ce-0085,e090,2026-06-08T23:00:00Z,2026-06-08T23:00:00Z,au301,auditor,AUDIT_OBSERVATION,cam-001,,good,audit_system,,events.csv-90
ce-0086,e091,2026-06-09T00:00:00Z,2026-06-09T00:00:00Z,au301,auditor,AUDIT_OBSERVATION,cam-001,,good,audit_system,,events.csv-91
ce-0087,e092,2026-06-09T01:00:00Z,2026-06-09T01:00:00Z,au301,auditor,AUDIT_OBSERVATION,cam-001,,good,audit_system,,events.csv-92
ce-0088,e093,2026-06-09T02:00:00Z,2026-06-09T02:00:00Z,au301,auditor,AUDIT_OBSERVATION,cam-001,,good,audit_system,,events.csv-93
ce-0089,e094,2026-06-09T03:00:00Z,2026-06-09T03:00:00Z,au301,auditor,AUDIT_OBSERVATION,cam-001,,good,audit_system,,events.csv-94
ce-0090,e095,2026-06-09T04:00:00Z,2026-06-09T04:00:00Z,au301,auditor,AUDIT_OBSERVATION,cam-001,,good,audit_system,,events.csv-95
ce-0091,e096,2026-06-09T05:00:00Z,2026-06-09T05:00:00Z,au301,auditor,AUDIT_OBSERVATION,cam-001,,good,audit_system,,events.csv-96
ce-0092,e097,2026-06-09T06:00:00Z,2026-06-09T06:00:00Z,au301,auditor,AUDIT_OBSERVATION,cam-001,,good,audit_system,,events.csv-97
ce-0093,e098,2026-06-09T07:00:00Z,2026-06-09T07:00:00Z,au301,auditor,AUDIT_OBSERVATION,cam-001,,good,audit_system,,events.csv-98
ce-0094,e099,2026-06-09T08:00:00Z,2026-06-09T08:00:00Z,au301,auditor,AUDIT_OBSERVATION,cam-001,,good,audit_system,,events.csv-99
ce-0095,e100,2026-06-09T09:00:00Z,2026-06-09T09:00:00Z,au301,auditor,AUDIT_OBSERVATION,cam-001,,good,audit_system,,events.csv-100
ce-0096,e101,2026-06-10T09:00:00Z,2026-06-10T09:10:00Z,s310,student,RESERVE,cam-001,media-lab,,makerspace_app,New reservation,events.csv-101
ce-0097,e102,2026-06-10T09:20:00Z,2026-06-10T09:25:00Z,s311,student,RESERVE,lap-001,equipment-store,,makerspace_app,New reservation,events.csv-102
ce-0098,e103,2026-06-10T09:40:00Z,2026-06-10T09:45:00Z,s310,student,CANCEL_RESERVATION,cam-001,media-lab,,makerspace_app,Reservation cancelled,events.csv-103
ce-0099,e104,2026-06-10T10:00:00Z,2026-06-10T10:05:00Z,a001,admin,MANUAL_CORRECTION,lap-001,equipment-store,good,inventory_portal,Corrected asset record,events.csv-104
ce-0100,e105,2026-06-10T10:20:00Z,2026-06-10T10:30:00Z,s312,student,CHECKOUT,lap-001,equipment-store,,makerspace_app,Routine checkout,events.csv-105
ce-0101,e106,2026-06-10T10:50:00Z,2026-06-10T11:00:00Z,s312,student,RETURN,lap-001,equipment-store,good,makerspace_app,Routine return,events.csv-106
ce-0102,e107,2026-06-10T11:20:00Z,2026-06-10T11:25:00Z,s313,student,RESERVE,mic-001,studio-a,,makerspace_app,New reservation,events.csv-107
ce-0103,e108,2026-06-10T11:40:00Z,2026-06-10T11:45:00Z,s314,student,RESERVE,trip-001,studio-a,,makerspace_app,New reservation,events.csv-108
ce-0104,e109,2026-06-10T12:00:00Z,2026-06-10T12:05:00Z,s313,student,CANCEL_RESERVATION,mic-001,studio-a,,makerspace_app,Reservation cancelled,events.csv-109
ce-0105,e110,2026-06-10T12:20:00Z,2026-06-10T12:25:00Z,a001,admin,MANUAL_CORRECTION,mic-001,studio-a,good,inventory_portal,Condition corrected after inspection,events.csv-110
ce-0106,e111,2026-06-10T13:00:00Z,2026-06-10T13:10:00Z,s315,student,CHECKOUT,trip-001,studio-a,,makerspace_app,Routine checkout,events.csv-111
ce-0107,e112,2026-06-10T13:30:00Z,2026-06-10T13:40:00Z,s315,student,RETURN,trip-001,studio-a,good,makerspace_app,Routine return,events.csv-112
ce-0108,e113,2026-06-10T14:00:00Z,2026-06-10T14:05:00Z,s316,student,RESERVE,tab-001,equipment-store,,makerspace_app,New reservation,events.csv-113
ce-0109,e114,2026-06-10T14:20:00Z,2026-06-10T14:25:00Z,s317,student,RESERVE,light-001,media-lab,,makerspace_app,New reservation,events.csv-114
ce-0110,e115,2026-06-10T14:40:00Z,2026-06-10T14:45:00Z,s316,student,CANCEL_RESERVATION,tab-001,equipment-store,,makerspace_app,Reservation cancelled,events.csv-115
ce-0111,e116,2026-06-10T15:00:00Z,2026-06-10T15:05:00Z,a001,admin,MANUAL_CORRECTION,tab-001,equipment-store,good,inventory_portal,Corrected condition,events.csv-116
ce-0112,e117,2026-06-10T15:30:00Z,2026-06-10T15:35:00Z,s318,student,CHECKOUT,tab-001,equipment-store,,makerspace_app,Routine checkout,events.csv-117
ce-0113,e118,2026-06-10T16:00:00Z,2026-06-10T16:10:00Z,s318,student,RETURN,tab-001,equipment-store,good,makerspace_app,Routine return,events.csv-118
ce-0114,e119,2026-06-10T16:30:00Z,2026-06-10T16:35:00Z,s319,student,RESERVE,cam-002,media-lab,,makerspace_app,New reservation,events.csv-119
ce-0115,e120,2026-06-10T17:00:00Z,2026-06-10T17:05:00Z,s320,student,RESERVE,lap-002,equipment-store,,makerspace_app,New reservation,events.csv-120
ce-0116,e121,2026-06-10T17:30:00Z,2026-06-10T17:35:00Z,s319,student,CANCEL_RESERVATION,cam-002,media-lab,,makerspace_app,Reservation cancelled,events.csv-121
ce-0117,e122,2026-06-10T18:00:00Z,2026-06-10T18:05:00Z,a001,admin,MANUAL_CORRECTION,cam-002,media-lab,worn,inventory_portal,Corrected condition,events.csv-122
ce-0118,e123,2026-06-11T09:00:00Z,2026-06-11T09:05:00Z,s321,student,CHECKOUT,cam-002,media-lab,,makerspace_app,Routine checkout,events.csv-123
ce-0119,e124,2026-06-11T09:30:00Z,2026-06-11T09:40:00Z,s321,student,RETURN,cam-002,media-lab,good,makerspace_app,Routine return,events.csv-124
ce-0120,e125,2026-06-11T10:00:00Z,2026-06-11T10:05:00Z,s322,student,RESERVE,mic-002,studio-a,,makerspace_app,New reservation,events.csv-125
ce-0121,e126,2026-06-11T10:20:00Z,2026-06-11T10:25:00Z,s323,student,RESERVE,trip-002,studio-a,,makerspace_app,New reservation,events.csv-126
ce-0122,e127,2026-06-11T10:40:00Z,2026-06-11T10:45:00Z,s322,student,CANCEL_RESERVATION,mic-002,studio-a,,makerspace_app,Reservation cancelled,events.csv-127
ce-0123,e128,2026-06-11T11:00:00Z,2026-06-11T11:05:00Z,a001,admin,MANUAL_CORRECTION,mic-002,studio-a,scratched,inventory_portal,Corrected condition,events.csv-128
ce-0124,e129,2026-06-11T11:30:00Z,2026-06-11T11:35:00Z,s324,student,CHECKOUT,mic-002,studio-a,,makerspace_app,Routine checkout,events.csv-129
ce-0125,e130,2026-06-11T12:00:00Z,2026-06-11T12:10:00Z,s324,student,RETURN,mic-002,studio-a,scratched,makerspace_app,Routine return,events.csv-130
ce-0126,e131,2026-06-11T12:30:00Z,2026-06-11T12:35:00Z,s325,student,RESERVE,lap-003,equipment-store,,makerspace_app,New reservation,events.csv-131
ce-0127,e132,2026-06-11T13:00:00Z,2026-06-11T13:05:00Z,s326,student,RESERVE,cam-004,media-lab,,makerspace_app,New reservation,events.csv-132
ce-0128,e133,2026-06-11T13:30:00Z,2026-06-11T13:35:00Z,s325,student,CANCEL_RESERVATION,lap-003,equipment-store,,makerspace_app,Reservation cancelled,events.csv-133
ce-0129,e134,2026-06-11T14:00:00Z,2026-06-11T14:05:00Z,a001,admin,MANUAL_CORRECTION,lap-003,equipment-store,good,inventory_portal,Corrected condition,events.csv-134
ce-0130,e135,2026-06-11T14:30:00Z,2026-06-11T14:35:00Z,s327,student,CHECKOUT,lap-003,equipment-store,,makerspace_app,Routine checkout,events.csv-135
ce-0131,e136,2026-06-11T15:00:00Z,2026-06-11T15:10:00Z,s327,student,RETURN,lap-003,equipment-store,good,makerspace_app,Routine return,events.csv-136
ce-0132,e137,2026-06-11T15:30:00Z,2026-06-11T15:35:00Z,s328,student,RESERVE,light-003,media-lab,,makerspace_app,New reservation,events.csv-137
ce-0133,e138,2026-06-11T16:00:00Z,2026-06-11T16:05:00Z,s329,student,RESERVE,light-004,media-lab,,makerspace_app,New reservation,events.csv-138
ce-0134,e139,2026-06-11T16:30:00Z,2026-06-11T16:35:00Z,s328,student,CANCEL_RESERVATION,light-003,media-lab,,makerspace_app,Reservation cancelled,events.csv-139
ce-0135,e140,2026-06-11T17:00:00Z,2026-06-11T17:05:00Z,a001,admin,MANUAL_CORRECTION,light-003,media-lab,good,inventory_portal,Corrected condition,events.csv-140
ce-0136,e141,2026-06-11T17:30:00Z,2026-06-11T17:35:00Z,s330,student,CHECKOUT,light-003,media-lab,,makerspace_app,Routine checkout,events.csv-141
ce-0137,e142,2026-06-11T18:00:00Z,2026-06-11T18:10:00Z,s330,student,RETURN,light-003,media-lab,good,makerspace_app,Routine return,events.csv-142
ce-0138,e143,2026-06-12T09:00:00Z,2026-06-12T09:05:00Z,s331,student,RESERVE,trip-003,studio-a,,makerspace_app,New reservation,events.csv-143
ce-0139,e144,2026-06-12T09:30:00Z,2026-06-12T09:35:00Z,s332,student,RESERVE,trip-004,studio-a,,makerspace_app,New reservation,events.csv-144
ce-0140,e145,2026-06-12T10:00:00Z,2026-06-12T10:05:00Z,s331,student,CANCEL_RESERVATION,trip-003,studio-a,,makerspace_app,Reservation cancelled,events.csv-145
ce-0141,e146,2026-06-12T10:30:00Z,2026-06-12T10:35:00Z,a001,admin,MANUAL_CORRECTION,trip-003,studio-a,good,inventory_portal,Corrected condition,events.csv-146
ce-0142,e147,2026-06-12T11:00:00Z,2026-06-12T11:05:00Z,s333,student,CHECKOUT,trip-003,studio-a,,makerspace_app,Routine checkout,events.csv-147
ce-0143,e148,2026-06-12T11:30:00Z,2026-06-12T11:40:00Z,s333,student,RETURN,trip-003,studio-a,good,makerspace_app,Routine return,events.csv-148
ce-0144,e149,2026-06-12T12:00:00Z,2026-06-12T12:05:00Z,s334,student,RESERVE,tab-003,equipment-store,,makerspace_app,New reservation,events.csv-149
ce-0145,e150,2026-06-12T12:30:00Z,2026-06-12T12:35:00Z,a001,admin,MANUAL_CORRECTION,tab-003,equipment-store,good,inventory_portal,Corrected condition,events.csv-150
ce-0146,p04-condition-001,2026-06-13T09:07:00Z,2026-06-13T09:37:00Z,au-p04-001,auditor,AUDIT_OBSERVATION,p04-001,media-lab,worn,audit_system,Packet 04 auto-resolution case: one-rank condition downgrade from good to worn; policy permits automatic resolution.,events.csv-151
ce-0147,p04-condition-002,2026-06-13T09:14:00Z,2026-06-13T09:44:00Z,au-p04-002,auditor,AUDIT_OBSERVATION,p04-002,media-lab,worn,audit_system,Packet 04 auto-resolution case: one-rank condition downgrade from good to worn; policy permits automatic resolution.,events.csv-152
ce-0148,p04-condition-003,2026-06-13T09:21:00Z,2026-06-13T09:51:00Z,au-p04-003,auditor,AUDIT_OBSERVATION,p04-003,media-lab,worn,audit_system,Packet 04 auto-resolution case: one-rank condition downgrade from good to worn; policy permits automatic resolution.,events.csv-153
ce-0149,p04-condition-004,2026-06-13T09:28:00Z,2026-06-13T09:58:00Z,au-p04-004,auditor,AUDIT_OBSERVATION,p04-004,media-lab,worn,audit_system,Packet 04 auto-resolution case: one-rank condition downgrade from good to worn; policy permits automatic resolution.,events.csv-154
ce-0150,p04-condition-005,2026-06-13T09:35:00Z,2026-06-13T10:05:00Z,au-p04-005,auditor,AUDIT_OBSERVATION,p04-005,media-lab,worn,audit_system,Packet 04 auto-resolution case: one-rank condition downgrade from good to worn; policy permits automatic resolution.,events.csv-155
ce-0151,p04-condition-006,2026-06-13T09:42:00Z,2026-06-13T10:12:00Z,au-p04-006,auditor,AUDIT_OBSERVATION,p04-006,media-lab,worn,audit_system,Packet 04 auto-resolution case: one-rank condition downgrade from good to worn; policy permits automatic resolution.,events.csv-156
ce-0152,p04-condition-007,2026-06-13T09:49:00Z,2026-06-13T10:19:00Z,au-p04-007,auditor,AUDIT_OBSERVATION,p04-007,media-lab,worn,audit_system,Packet 04 auto-resolution case: one-rank condition downgrade from good to worn; policy permits automatic resolution.,events.csv-157
ce-0153,p04-condition-008,2026-06-13T09:56:00Z,2026-06-13T10:26:00Z,au-p04-008,auditor,AUDIT_OBSERVATION,p04-008,media-lab,worn,audit_system,Packet 04 auto-resolution case: one-rank condition downgrade from good to worn; policy permits automatic resolution.,events.csv-158
ce-0154,p04-condition-009,2026-06-13T10:03:00Z,2026-06-13T10:33:00Z,au-p04-009,auditor,AUDIT_OBSERVATION,p04-009,media-lab,worn,audit_system,Packet 04 auto-resolution case: one-rank condition downgrade from good to worn; policy permits automatic resolution.,events.csv-159
ce-0155,p04-condition-010,2026-06-13T10:10:00Z,2026-06-13T10:40:00Z,au-p04-010,auditor,AUDIT_OBSERVATION,p04-010,media-lab,worn,audit_system,Packet 04 auto-resolution case: one-rank condition downgrade from good to worn; policy permits automatic resolution.,events.csv-160
ce-0156,p04-condition-011,2026-06-13T10:17:00Z,2026-06-13T10:47:00Z,au-p04-011,auditor,AUDIT_OBSERVATION,p04-011,media-lab,damaged,audit_system,Packet 04 manual-review case: condition downgrade exceeds one-rank auto-resolution threshold; manual review required.,events.csv-161
ce-0157,p04-condition-012,2026-06-13T10:24:00Z,2026-06-13T10:54:00Z,au-p04-012,auditor,AUDIT_OBSERVATION,p04-012,media-lab,damaged,audit_system,Packet 04 manual-review case: condition downgrade exceeds one-rank auto-resolution threshold; manual review required.,events.csv-162
ce-0158,p04-condition-013,2026-06-13T10:31:00Z,2026-06-13T11:01:00Z,au-p04-013,auditor,AUDIT_OBSERVATION,p04-013,media-lab,damaged,audit_system,Packet 04 manual-review case: condition downgrade exceeds one-rank auto-resolution threshold; manual review required.,events.csv-163
ce-0159,p04-condition-014,2026-06-13T10:38:00Z,2026-06-13T11:08:00Z,au-p04-014,auditor,AUDIT_OBSERVATION,p04-014,media-lab,damaged,audit_system,Packet 04 manual-review case: condition downgrade exceeds one-rank auto-resolution threshold; manual review required.,events.csv-164
ce-0160,p04-condition-015,2026-06-13T10:45:00Z,2026-06-13T11:15:00Z,au-p04-015,auditor,AUDIT_OBSERVATION,p04-015,media-lab,damaged,audit_system,Packet 04 manual-review case: condition downgrade exceeds one-rank auto-resolution threshold; manual review required.,events.csv-165
ce-0181,p04-webhook-001,2026-06-13T14:27,2026-06-13T14:28,st-p04-001,staff,WEBHOOK_ACK,cam-001,media-lab,,audit_system,Webhook notification received and acknowledged by external-system integration.,events.csv-186
ce-0182,p04-webhook-002,2026-06-13T14:34,2026-06-13T14:35,st-p04-002,staff,WEBHOOK_ACK,lap-001,equipment-store,,audit_system,Webhook notification received and acknowledged by external-system integration.,events.csv-187
ce-0183,p04-webhook-003,2026-06-13T14:41,2026-06-13T14:42,st-p04-003,staff,WEBHOOK_ACK,mic-001,studio-a,,audit_system,Webhook notification received and acknowledged by external-system integration.,events.csv-188
ce-0184,p04-webhook-004,2026-06-13T14:48,2026-06-13T14:49,st-p04-004,staff,WEBHOOK_ACK,trip-001,studio-a,,audit_system,Webhook notification received and acknowledged by external-system integration.,events.csv-189
ce-0185,p04-webhook-005,2026-06-13T14:55,2026-06-13T14:56,st-p04-005,staff,WEBHOOK_ACK,tab-001,library-store,,audit_system,Webhook notification received and acknowledged by external-system integration.,events.csv-190
ce-0186,p04-webhook-006,2026-06-13T15:02,2026-06-13T15:03,st-p04-006,staff,WEBHOOK_ACK,light-001,media-lab,,audit_system,Webhook notification received and acknowledged by external-system integration.,events.csv-191
ce-0187,p04-webhook-007,2026-06-13T15:09,2026-06-13T15:10,st-p04-007,staff,WEBHOOK_ACK,cam-001,media-lab,,audit_system,Webhook notification received and acknowledged by external-system integration.,events.csv-192
ce-0188,p04-webhook-008,2026-06-13T15:16,2026-06-13T15:17,st-p04-008,staff,WEBHOOK_ACK,lap-001,equipment-store,,audit_system,Webhook notification received and acknowledged by external-system integration.,events.csv-193
ce-0189,p04-webhook-009,2026-06-13T15:23,2026-06-13T15:24,st-p04-009,staff,WEBHOOK_ACK,mic-001,studio-a,,audit_system,Webhook notification received and acknowledged by external-system integration.,events.csv-194
ce-0190,p04-webhook-010,2026-06-13T15:30,2026-06-13T15:31,st-p04-010,staff,WEBHOOK_ACK,trip-001,studio-a,,audit_system,Webhook notification received and acknowledged by external-system integration.,events.csv-195
ce-0191,p04-auto-success-001,2026-06-13T15:57,2026-06-13T15:58,system,system,AUTO_RESOLUTION_APPLIED,cam-001,media-lab,,audit_system,Records an automated resolution applied according to policy.,events.csv-196
ce-0192,p04-auto-success-002,2026-06-13T16:04,2026-06-13T16:05,system,system,AUTO_RESOLUTION_APPLIED,lap-001,equipment-store,,audit_system,Records an automated resolution applied according to policy.,events.csv-197
ce-0193,p04-auto-success-003,2026-06-13T16:11,2026-06-13T16:12,system,system,AUTO_RESOLUTION_APPLIED,mic-001,studio-a,,audit_system,Records an automated resolution applied according to policy.,events.csv-198
ce-0194,p04-auto-success-004,2026-06-13T16:18,2026-06-13T16:19,system,system,AUTO_RESOLUTION_APPLIED,trip-001,studio-a,,audit_system,Records an automated resolution applied according to policy.,events.csv-199
ce-0195,p04-auto-success-005,2026-06-13T16:25,2026-06-13T16:26,system,system,AUTO_RESOLUTION_APPLIED,tab-001,library-store,,audit_system,Records an automated resolution applied according to policy.,events.csv-200
ce-0196,p04-auto-success-006,2026-06-13T16:32,2026-06-13T16:33,system,system,AUTO_RESOLUTION_APPLIED,light-001,media-lab,,audit_system,Records an automated resolution applied according to policy.,events.csv-201
ce-0197,p04-auto-success-007,2026-06-13T16:39,2026-06-13T16:40,system,system,AUTO_RESOLUTION_APPLIED,cam-001,media-lab,,audit_system,Records an automated resolution applied according to policy.,events.csv-202
ce-0198,p04-auto-success-008,2026-06-13T16:46,2026-06-13T16:47,system,system,AUTO_RESOLUTION_APPLIED,lap-001,equipment-store,,audit_system,Records an automated resolution applied according to policy.,events.csv-203
ce-0199,p04-auto-success-009,2026-06-13T16:53,2026-06-13T16:54,system,system,AUTO_RESOLUTION_APPLIED,mic-001,studio-a,,audit_system,Records an automated resolution applied according to policy.,events.csv-204
ce-0200,p04-auto-success-010,2026-06-13T17:00,2026-06-13T17:01,system,system,AUTO_RESOLUTION_APPLIED,trip-001,studio-a,,audit_system,Records an automated resolution applied according to policy.,events.csv-205
ce-0201,p04-auto-review-001,2026-06-13T17:27,2026-06-13T17:29,system,admin,AUDIT_OBSERVATION,cam-001,media-lab,,audit_system,Automated resolution failed: policy threshold exceeded; manual review required.,events.csv-206
ce-0202,p04-auto-review-002,2026-06-13T17:34,2026-06-13T17:36,system,admin,AUDIT_OBSERVATION,lap-001,equipment-store,,audit_system,Automated resolution failed: policy threshold exceeded; manual review required.,events.csv-207
ce-0203,p04-auto-review-003,2026-06-13T17:41,2026-06-13T17:43,system,admin,AUDIT_OBSERVATION,mic-001,studio-a,,audit_system,Automated resolution failed: policy threshold exceeded; manual review required.,events.csv-208
ce-0204,p04-auto-review-004,2026-06-13T17:48,2026-06-13T17:50,system,admin,AUDIT_OBSERVATION,trip-001,studio-a,,audit_system,Automated resolution failed: policy threshold exceeded; manual review required.,events.csv-209
ce-0205,p04-auto-review-005,2026-06-13T17:55,2026-06-13T17:57,system,admin,AUDIT_OBSERVATION,tab-001,library-store,,audit_system,Automated resolution failed: policy threshold exceeded; manual review required.,events.csv-210
ce-0206,p04-auto-review-006,2026-06-13T18:02,2026-06-13T18:04,system,admin,AUDIT_OBSERVATION,light-001,media-lab,,audit_system,Automated resolution failed: policy threshold exceeded; manual review required.,events.csv-211
ce-0207,p04-auto-review-007,2026-06-13T18:09,2026-06-13T18:11,system,admin,AUDIT_OBSERVATION,cam-001,media-lab,,audit_system,Automated resolution failed: policy threshold exceeded; manual review required.,events.csv-212
ce-0208,p04-auto-review-008,2026-06-13T18:16,2026-06-13T18:18,system,admin,AUDIT_OBSERVATION,lap-001,equipment-store,,audit_system,Automated resolution failed: policy threshold exceeded; manual review required.,events.csv-213
ce-0209,p04-auto-review-009,2026-06-13T18:23,2026-06-13T18:25,system,admin,AUDIT_OBSERVATION,mic-001,studio-a,,audit_system,Automated resolution failed: policy threshold exceeded; manual review required.,events.csv-214
ce-0210,p04-auto-review-010,2026-06-13T18:30,2026-06-13T18:32,system,admin,AUDIT_OBSERVATION,trip-001,studio-a,,audit_system,Automated resolution failed: policy threshold exceeded; manual review required.,events.csv-215
ce-0211,p04-api-dup-001-original,2026-06-13T19:00,2026-06-13T19:05,s101,student,CHECKOUT,cam-001,media-lab,,makerspace_app,API submission accepted.,events.csv-216
ce-0212,p04-api-dup-001-retry,2026-06-13T19:01,2026-06-13T19:06,s101,student,CHECKOUT,cam-001,media-lab,,makerspace_app,Duplicate API submission retry for p04-api-dup-001-original; idempotency handling required.,events.csv-217
ce-0213,p04-api-dup-002-original,2026-06-13T19:10,2026-06-13T19:15,s102,student,CHECKOUT,lap-001,equipment-store,,makerspace_app,API submission accepted.,events.csv-218
ce-0214,p04-api-dup-002-retry,2026-06-13T19:11,2026-06-13T19:16,s102,student,CHECKOUT,lap-001,equipment-store,,makerspace_app,Duplicate API submission retry for p04-api-dup-002-original; idempotency handling required.,events.csv-219
ce-0215,p04-api-dup-003-original,2026-06-13T19:20,2026-06-13T19:25,s103,student,CHECKOUT,mic-001,studio-a,,makerspace_app,API submission accepted.,events.csv-220
ce-0216,p04-api-dup-003-retry,2026-06-13T19:21,2026-06-13T19:26,s103,student,CHECKOUT,mic-001,studio-a,,makerspace_app,Duplicate API submission retry for p04-api-dup-003-original; idempotency handling required.,events.csv-221
ce-0217,p04-api-dup-004-original,2026-06-13T19:30,2026-06-13T19:35,s104,student,CHECKOUT,trip-001,studio-a,,makerspace_app,API submission accepted.,events.csv-222
ce-0218,p04-api-dup-004-retry,2026-06-13T19:31,2026-06-13T19:36,s104,student,CHECKOUT,trip-001,studio-a,,makerspace_app,Duplicate API submission retry for p04-api-dup-004-original; idempotency handling required.,events.csv-223
ce-0219,p04-api-dup-005-original,2026-06-13T19:40,2026-06-13T19:45,s105,student,CHECKOUT,tab-001,library-store,,makerspace_app,API submission accepted.,events.csv-224
ce-0220,p04-api-dup-005-retry,2026-06-13T19:41,2026-06-13T19:46,s105,student,CHECKOUT,tab-001,library-store,,makerspace_app,Duplicate API submission retry for p04-api-dup-005-original; idempotency handling required.,events.csv-225
ce-0221,p04-source-conflict-001,2026-06-13T20:07,2026-06-13T20:22,s101,student,AUDIT_OBSERVATION,cam-001,media-lab,damaged,audit_system,Source conflict: inventory_portal reports good condition while audit_system reports damaged; review required.,events.csv-226
ce-0222,p04-source-conflict-002,2026-06-13T20:14,2026-06-13T20:29,s102,student,AUDIT_OBSERVATION,lap-001,equipment-store,damaged,audit_system,Source conflict: inventory_portal reports good condition while audit_system reports damaged; review required.,events.csv-227
ce-0223,p04-source-conflict-003,2026-06-13T20:21,2026-06-13T20:36,s103,student,AUDIT_OBSERVATION,mic-001,studio-a,damaged,audit_system,Source conflict: inventory_portal reports good condition while audit_system reports damaged; review required.,events.csv-228
ce-0224,p04-source-conflict-004,2026-06-13T20:28,2026-06-13T20:43,s104,student,AUDIT_OBSERVATION,trip-001,studio-a,damaged,audit_system,Source conflict: inventory_portal reports good condition while audit_system reports damaged; review required.,events.csv-229
ce-0225,p04-source-conflict-005,2026-06-13T20:35,2026-06-13T20:50,s105,student,AUDIT_OBSERVATION,tab-001,library-store,damaged,audit_system,Source conflict: inventory_portal reports good condition while audit_system reports damaged; review required.,events.csv-230
ce-0226,p04-source-conflict-006,2026-06-13T20:42,2026-06-13T20:57,s106,student,AUDIT_OBSERVATION,light-001,media-lab,damaged,audit_system,Source conflict: inventory_portal reports good condition while audit_system reports damaged; review required.,events.csv-231
ce-0227,p04-source-conflict-007,2026-06-13T20:49,2026-06-13T21:04,s101,student,AUDIT_OBSERVATION,cam-001,media-lab,damaged,audit_system,Source conflict: inventory_portal reports good condition while audit_system reports damaged; review required.,events.csv-232
ce-0228,p04-source-conflict-008,2026-06-13T20:56,2026-06-13T21:11,s102,student,AUDIT_OBSERVATION,lap-001,equipment-store,damaged,audit_system,Source conflict: inventory_portal reports good condition while audit_system reports damaged; review required.,events.csv-233
ce-0229,p04-source-conflict-009,2026-06-13T21:03,2026-06-13T21:18,s103,student,AUDIT_OBSERVATION,mic-001,studio-a,damaged,audit_system,Source conflict: inventory_portal reports good condition while audit_system reports damaged; review required.,events.csv-234
ce-0230,p04-source-conflict-010,2026-06-13T21:10,2026-06-13T21:25,s104,student,AUDIT_OBSERVATION,trip-001,studio-a,damaged,audit_system,Source conflict: inventory_portal reports good condition while audit_system reports damaged; review required.,events.csv-235
ce-0231,p04-normal-001,2026-06-13T22:27,2026-06-13T22:32,s101,student,CHECKOUT,cam-001,media-lab,,makerspace_app,Packet 04 normal operational event.,events.csv-236
ce-0232,p04-normal-002,2026-06-13T22:34,2026-06-13T22:39,s102,student,RETURN,lap-001,equipment-store,good,makerspace_app,Packet 04 normal operational event.,events.csv-237
ce-0233,p04-normal-003,2026-06-13T22:41,2026-06-13T22:46,s103,student,RESERVE,mic-001,studio-a,,makerspace_app,Packet 04 normal operational event.,events.csv-238
ce-0234,p04-normal-004,2026-06-13T22:48,2026-06-13T22:53,s104,student,CANCEL_RESERVATION,trip-001,studio-a,,makerspace_app,Packet 04 normal operational event.,events.csv-239
ce-0235,p04-normal-005,2026-06-13T22:55,2026-06-13T23:00,t005,technician,MAINTENANCE_OPEN,tab-001,library-store,,repair_system,Packet 04 normal operational event.,events.csv-240
ce-0236,p04-normal-006,2026-06-13T23:02,2026-06-13T23:07,t006,technician,MAINTENANCE_CLOSE,light-001,media-lab,good,repair_system,Packet 04 normal operational event.,events.csv-241
ce-0237,p04-normal-007,2026-06-13T23:09,2026-06-13T23:14,staff007,staff,TRANSFER_OUT,cam-001,media-lab,,inventory_portal,Packet 04 normal operational event.,events.csv-242
ce-0238,p04-normal-008,2026-06-13T23:16,2026-06-13T23:21,staff008,staff,TRANSFER_IN,lap-001,equipment-store,,inventory_portal,Packet 04 normal operational event.,events.csv-243
ce-0239,p04-normal-009,2026-06-13T23:23,2026-06-13T23:28,s103,student,AUDIT_OBSERVATION,mic-001,studio-a,good,audit_system,Packet 04 normal operational event.,events.csv-244
ce-0240,p04-normal-010,2026-06-13T23:30,2026-06-13T23:35,s104,student,MANUAL_CORRECTION,trip-001,studio-a,good,audit_system,Packet 04 normal operational event.,events.csv-245
ce-0241,p04-normal-011,2026-06-13T23:37,2026-06-13T23:42,s105,student,CHECKOUT,tab-001,library-store,,makerspace_app,Packet 04 normal operational event.,events.csv-246
ce-0242,p04-normal-012,2026-06-13T23:44,2026-06-13T23:49,s106,student,RETURN,light-001,media-lab,good,makerspace_app,Packet 04 normal operational event.,events.csv-247
ce-0243,p04-normal-013,2026-06-13T23:51,2026-06-13T23:56,s101,student,RESERVE,cam-001,media-lab,,makerspace_app,Packet 04 normal operational event.,events.csv-248
ce-0244,p04-normal-014,2026-06-13T23:58,2026-06-14T00:03,s102,student,AUDIT_OBSERVATION,lap-001,equipment-store,good,audit_system,Packet 04 normal operational event.,events.csv-249
ce-0245,p04-normal-015,2026-06-14T00:05,2026-06-14T00:10,s103,student,MANUAL_CORRECTION,mic-001,studio-a,good,audit_system,Packet 04 normal operational event.,events.csv-250
ce-0176,p04-late-review-006,2026-08-10T15:00:00Z,2026-08-10T15:30:00Z,p04-user-026,student,RETURN,p04-026,media-lab,good,makerspace_app,Packet 04 manual-review case: return is 3 hours beyond due time and exceeds the configured 2-hour grace period.,events.csv-181
ce-0177,p04-late-review-007,2026-08-11T15:00:00Z,2026-08-11T15:30:00Z,p04-user-027,student,RETURN,p04-027,media-lab,good,makerspace_app,Packet 04 manual-review case: return is 3 hours beyond due time and exceeds the configured 2-hour grace period.,events.csv-182
ce-0178,p04-late-review-008,2026-08-12T15:00:00Z,2026-08-12T15:30:00Z,p04-user-028,student,RETURN,p04-028,media-lab,good,makerspace_app,Packet 04 manual-review case: return is 3 hours beyond due time and exceeds the configured 2-hour grace period.,events.csv-183
ce-0179,p04-late-review-009,2026-08-13T15:00:00Z,2026-08-13T15:30:00Z,p04-user-029,student,RETURN,p04-029,media-lab,good,makerspace_app,Packet 04 manual-review case: return is 3 hours beyond due time and exceeds the configured 2-hour grace period.,events.csv-184
ce-0180,p04-late-review-010,2026-08-14T15:00:00Z,2026-08-14T15:30:00Z,p04-user-030,student,RETURN,p04-030,media-lab,good,makerspace_app,Packet 04 manual-review case: return is 3 hours beyond due time and exceeds the configured 2-hour grace period.,events.csv-185
ce-0171,p04-late-review-001,2026-08-15T15:00:00Z,2026-08-15T15:30:00Z,p04-user-021,student,RETURN,p04-021,media-lab,good,makerspace_app,Packet 04 manual-review case: return is 3 hours beyond due time and exceeds the configured 2-hour grace period.,events.csv-176
ce-0172,p04-late-review-002,2026-08-16T15:00:00Z,2026-08-16T15:30:00Z,p04-user-022,student,RETURN,p04-022,media-lab,good,makerspace_app,Packet 04 manual-review case: return is 3 hours beyond due time and exceeds the configured 2-hour grace period.,events.csv-177
ce-0173,p04-late-review-003,2026-08-17T15:00:00Z,2026-08-17T15:30:00Z,p04-user-023,student,RETURN,p04-023,media-lab,good,makerspace_app,Packet 04 manual-review case: return is 3 hours beyond due time and exceeds the configured 2-hour grace period.,events.csv-178
ce-0174,p04-late-review-004,2026-08-18T15:00:00Z,2026-08-18T15:30:00Z,p04-user-024,student,RETURN,p04-024,media-lab,good,makerspace_app,Packet 04 manual-review case: return is 3 hours beyond due time and exceeds the configured 2-hour grace period.,events.csv-179
ce-0175,p04-late-review-005,2026-08-19T15:00:00Z,2026-08-19T15:30:00Z,p04-user-025,student,RETURN,p04-025,media-lab,good,makerspace_app,Packet 04 manual-review case: return is 3 hours beyond due time and exceeds the configured 2-hour grace period.,events.csv-180
ce-0161,p04-late-grace-001,2026-08-20T11:00:00Z,2026-08-20T11:30:00Z,p04-user-001,student,RETURN,p04-001,media-lab,good,makerspace_app,Packet 04 auto-resolution case: return is 1 hour beyond due time and within the configured 2-hour grace period.,events.csv-166
ce-0162,p04-late-grace-002,2026-08-21T11:00:00Z,2026-08-21T11:30:00Z,p04-user-002,student,RETURN,p04-002,media-lab,good,makerspace_app,Packet 04 auto-resolution case: return is 1 hour beyond due time and within the configured 2-hour grace period.,events.csv-167
ce-0163,p04-late-grace-003,2026-08-22T11:00:00Z,2026-08-22T11:30:00Z,p04-user-003,student,RETURN,p04-003,media-lab,good,makerspace_app,Packet 04 auto-resolution case: return is 1 hour beyond due time and within the configured 2-hour grace period.,events.csv-168
ce-0164,p04-late-grace-004,2026-08-23T11:00:00Z,2026-08-23T11:30:00Z,p04-user-004,student,RETURN,p04-004,media-lab,good,makerspace_app,Packet 04 auto-resolution case: return is 1 hour beyond due time and within the configured 2-hour grace period.,events.csv-169
ce-0165,p04-late-grace-005,2026-08-24T11:00:00Z,2026-08-24T11:30:00Z,p04-user-005,student,RETURN,p04-005,media-lab,good,makerspace_app,Packet 04 auto-resolution case: return is 1 hour beyond due time and within the configured 2-hour grace period.,events.csv-170
ce-0166,p04-late-grace-006,2026-08-25T11:00:00Z,2026-08-25T11:30:00Z,p04-user-006,student,RETURN,p04-006,media-lab,good,makerspace_app,Packet 04 auto-resolution case: return is 1 hour beyond due time and within the configured 2-hour grace period.,events.csv-171
ce-0167,p04-late-grace-007,2026-08-26T11:00:00Z,2026-08-26T11:30:00Z,p04-user-007,student,RETURN,p04-007,media-lab,good,makerspace_app,Packet 04 auto-resolution case: return is 1 hour beyond due time and within the configured 2-hour grace period.,events.csv-172
ce-0168,p04-late-grace-008,2026-08-27T11:00:00Z,2026-08-27T11:30:00Z,p04-user-008,student,RETURN,p04-008,media-lab,good,makerspace_app,Packet 04 auto-resolution case: return is 1 hour beyond due time and within the configured 2-hour grace period.,events.csv-173
ce-0169,p04-late-grace-009,2026-08-28T11:00:00Z,2026-08-28T11:30:00Z,p04-user-009,student,RETURN,p04-009,media-lab,good,makerspace_app,Packet 04 auto-resolution case: return is 1 hour beyond due time and within the configured 2-hour grace period.,events.csv-174
ce-0170,p04-late-grace-010,2026-08-29T11:00:00Z,2026-08-29T11:30:00Z,p04-user-010,student,RETURN,p04-010,media-lab,good,makerspace_app,Packet 04 auto-resolution case: return is 1 hour beyond due time and within the configured 2-hour grace period.,events.csv-175